{
  "precision": 0.4,
  "recall": 0.8571,
  "f1_score": 0.5455,
  "roc_auc": 0.9834,
  "recall_at_100": 0.7959,
  "confusion_matrix": [
    [
      56738,
      126
    ],
    [
      14,
      84
    ]
  ],
  "train_size": 227845,
  "test_size": 56962,
  "fraud_rate": 0.001727,
  "n_features": 32,
  "dataset": "Credit Card Fraud (284K)",
  "top_features": {
    "V14": 0.410044,
    "V10": 0.091601,
    "V4": 0.047035,
    "V20": 0.036227,
    "V12": 0.027047,
    "Amount": 0.023354,
    "V7": 0.020335,
    "V21": 0.019895,
    "V18": 0.019805,
    "V8": 0.018319,
    "V13": 0.018094,
    "V26": 0.017982,
    "V19": 0.017061,
    "V17": 0.017006,
    "V15": 0.016763,
    "V5": 0.016039,
    "Time": 0.015552,
    "hour_of_day": 0.014992,
    "V1": 0.012838,
    "V27": 0.012807,
    "log_amount": 0.0125,
    "V23": 0.012237,
    "V28": 0.012008,
    "V6": 0.011572,
    "V16": 0.011473,
    "V22": 0.011353,
    "V11": 0.011221,
    "V3": 0.010257
  }
}