{
  "precision": 0.3387,
  "recall": 0.8265,
  "f1_score": 0.4805,
  "roc_auc": 0.9562,
  "confusion_matrix": [
    [
      107305,
      6670
    ],
    [
      717,
      3416
    ]
  ],
  "train_size": 472432,
  "test_size": 118108,
  "fraud_rate": 0.035,
  "n_features": 228,
  "top_features": {
    "V70": 0.099242,
    "V91": 0.091215,
    "C8": 0.062729,
    "V308": 0.029756,
    "C4": 0.020996,
    "C14": 0.020727,
    "V317": 0.018729,
    "addr2": 0.015349,
    "V294": 0.014574,
    "V283": 0.012508,
    "ProductCD": 0.011895,
    "V280": 0.010918,
    "card6": 0.010854,
    "V69": 0.009575,
    "C1": 0.009518,
    "V102": 0.009089,
    "V312": 0.00901,
    "V48": 0.008685,
    "M4": 0.007639,
    "V45": 0.007569,
    "V87": 0.007286,
    "V128": 0.007075,
    "C12": 0.006723,
    "V133": 0.00665,
    "C13": 0.006365,
    "V281": 0.005922,
    "C10": 0.00581,
    "C11": 0.005631,
    "V31": 0.005167,
    "D2": 0.005037
  }
}